"campaignid","sample","latitude","longitude","broad.macroalgae","broad.seagrasses","broad.unconsolidated","broad.sponges","broad.consolidated","broad.stony.corals","broad.ascidians","broad.bryozoa","broad.crinoids","broad.hydroids","broad.invertebrate.complex","broad.octocoral.black","broad.true.anemones","broad.sea.stars","broad.total.points.annotated","sessile.inverts"
"2020-06_south-west_stereo-BRUVs","01","-34.128599","114.930865",8,0,0,17,2,0,0,0,0,0,0,0,0,0,27,17
"2020-06_south-west_stereo-BRUVs","02","-34.125316","114.928838",10,1,0,16,0,0,0,0,0,0,0,0,0,0,27,16
"2020-06_south-west_stereo-BRUVs","03","-34.126906","114.925945",13,1,0,0,0,0,0,0,0,0,0,0,0,0,14,0
"2020-06_south-west_stereo-BRUVs","04","-34.122634","114.920337",0,0,26,0,11,0,0,0,0,0,0,0,0,0,37,0
"2020-06_south-west_stereo-BRUVs","05","-34.131497","114.915753",28,0,2,4,3,0,0,0,0,0,0,0,0,0,37,4
"2020-06_south-west_stereo-BRUVs","06","-34.132842","114.912405",15,0,9,3,4,0,0,0,0,0,0,0,0,0,31,3
"2020-06_south-west_stereo-BRUVs","07","-34.134771","114.910241",17,0,12,4,3,0,0,0,0,0,0,0,0,0,36,4
"2020-06_south-west_stereo-BRUVs","08","-34.129352","114.911755",11,0,0,11,16,0,0,0,0,0,0,0,0,0,38,11
"2020-06_south-west_stereo-BRUVs","09","-34.119541","114.916105",7,0,16,0,1,0,0,1,0,0,0,0,0,0,25,1
"2020-06_south-west_stereo-BRUVs","10","-34.117294","114.918685",16,1,1,10,0,0,0,1,0,0,0,0,0,0,29,11
"2020-06_south-west_stereo-BRUVs","11","-34.117752","114.92306",11,1,2,7,6,0,0,0,0,0,0,0,0,0,27,7
"2020-06_south-west_stereo-BRUVs","12","-34.132262","114.928545",8,2,0,5,0,0,0,0,0,0,0,0,0,0,15,5
"2020-06_south-west_stereo-BRUVs","13","-34.128506","114.930547",9,0,8,11,2,0,0,0,0,0,0,0,0,0,30,11
"2020-06_south-west_stereo-BRUVs","14","-34.128381","114.925457",30,5,0,0,1,0,0,0,0,0,0,0,0,0,36,0
"2020-06_south-west_stereo-BRUVs","15","-34.125012","114.91032",19,0,3,9,1,0,0,0,0,0,0,0,0,0,32,9
"2020-06_south-west_stereo-BRUVs","16","-34.126181","114.906548",26,0,0,4,6,0,0,0,0,0,0,0,0,0,36,4
"2020-06_south-west_stereo-BRUVs","17","-34.132142","114.92083",17,0,10,3,0,0,0,0,0,0,0,0,0,0,30,3
"2020-06_south-west_stereo-BRUVs","18","-34.128679","114.924078",25,1,0,1,0,0,0,0,0,0,0,0,0,0,27,1
"2020-06_south-west_stereo-BRUVs","20","-34.130219","114.820233",7,0,8,5,16,0,0,0,0,0,0,0,0,0,36,5
"2020-06_south-west_stereo-BRUVs","21","-34.128151","114.817448",12,0,2,2,15,0,0,0,0,0,0,0,0,0,31,2
"2020-06_south-west_stereo-BRUVs","22","-34.126271","114.819552",19,0,8,2,5,0,0,0,0,0,0,0,0,0,34,2
"2020-06_south-west_stereo-BRUVs","23","-34.124217","114.817017",11,1,2,10,7,0,0,0,0,0,1,0,0,0,32,11
"2020-06_south-west_stereo-BRUVs","24","-34.118739","114.826402",9,0,4,4,8,0,0,0,0,0,0,0,0,0,25,4
"2020-06_south-west_stereo-BRUVs","25","-34.116829","114.828432",12,0,1,4,6,0,0,0,0,0,0,0,0,0,23,4
"2020-06_south-west_stereo-BRUVs","26","-34.120881","114.828907",13,0,6,5,11,0,0,2,0,0,0,0,0,0,37,7
"2020-06_south-west_stereo-BRUVs","27","-34.121824","114.832898",5,0,16,3,15,0,0,0,0,0,0,0,0,0,39,3
"2020-06_south-west_stereo-BRUVs","28","-34.112916","114.852137",32,0,2,3,1,0,0,0,0,0,0,0,0,0,38,3
"2020-06_south-west_stereo-BRUVs","29","-34.111084","114.855648",18,0,5,1,2,0,0,0,0,0,0,0,0,0,26,1
"2020-06_south-west_stereo-BRUVs","30","-34.112094","114.85946",23,1,1,4,1,0,0,0,0,0,0,0,0,0,30,4
"2020-06_south-west_stereo-BRUVs","31","-34.116007","114.860738",5,0,18,0,13,0,0,0,0,0,0,0,0,0,36,0
"2020-06_south-west_stereo-BRUVs","32","-34.130076","114.86109",26,0,4,0,2,0,0,0,0,0,0,0,0,0,32,0
"2020-06_south-west_stereo-BRUVs","33","-34.133067","114.8627",9,1,15,0,9,0,0,0,0,0,0,0,0,0,34,0
"2020-06_south-west_stereo-BRUVs","34","-34.131334","114.866053",9,0,8,0,19,0,0,0,0,0,0,0,0,0,36,0
"2020-06_south-west_stereo-BRUVs","35","-34.134801","114.869348",15,0,4,3,6,0,0,1,0,0,0,0,0,0,29,4
"2020-06_south-west_stereo-BRUVs","36","-34.130484","114.878263",6,0,23,0,7,0,0,0,0,0,0,0,0,0,36,0
"2020-06_south-west_stereo-BRUVs","37","-34.126354","114.878937",17,1,8,2,2,0,0,0,0,0,0,0,0,0,30,2
"2020-06_south-west_stereo-BRUVs","38","-34.127912","114.883938",13,0,15,0,3,0,0,0,0,0,0,0,0,0,31,0
"2020-06_south-west_stereo-BRUVs","39","-34.132294","114.884797",16,2,9,0,5,0,0,0,0,0,0,0,0,0,32,0
"2020-06_south-west_stereo-BRUVs","40","-34.133669","114.880443",21,2,2,5,4,0,0,1,0,0,0,0,0,0,35,6
"2020-10_south-west_stereo-BRUVs","FH10","-33.98618897","114.8863721",13,5,1,1,12,0,0,0,0,0,0,0,0,0,32,1
"2020-10_south-west_stereo-BRUVs","FH102","-33.68868897","114.9288721",0,0,35,0,0,0,0,0,0,0,0,0,0,0,35,0
"2020-10_south-west_stereo-BRUVs","FH106","-33.78868897","114.8163721",19,0,6,0,6,0,0,0,0,0,0,0,0,0,31,0
"2020-10_south-west_stereo-BRUVs","FH108","-33.76118897","114.9238721",15,0,14,0,2,0,1,0,0,0,0,0,0,0,32,0
"2020-10_south-west_stereo-BRUVs","FH109","-33.91618897","114.9088721",10,7,4,11,4,0,0,0,0,0,0,0,0,0,36,11
"2020-10_south-west_stereo-BRUVs","FH11","-33.89868897","114.9388721",1,0,18,6,2,0,0,1,0,0,0,0,0,0,28,7
"2020-10_south-west_stereo-BRUVs","FH110","-33.80868897","114.8213721",3,1,12,5,5,0,0,0,0,0,0,0,0,0,26,5
"2020-10_south-west_stereo-BRUVs","FH111","-33.98618897","114.8788721",11,3,21,0,2,0,0,0,0,0,0,0,0,0,37,0
"2020-10_south-west_stereo-BRUVs","FH113","-33.72368897","114.7963721",9,12,1,3,8,0,0,0,0,0,0,0,0,0,33,3
"2020-10_south-west_stereo-BRUVs","FH12","-33.91868897","114.8963721",18,4,4,2,2,0,0,0,0,0,0,0,0,0,30,2
"2020-10_south-west_stereo-BRUVs","FH14","-33.76618897","114.8713721",15,0,11,1,7,0,0,0,0,0,0,0,0,0,34,1
"2020-10_south-west_stereo-BRUVs","FH15","-33.68868897","114.8063721",0,0,33,0,0,0,0,0,0,0,0,0,0,0,33,0
"2020-10_south-west_stereo-BRUVs","FH16","-33.90118897","114.8563721",12,8,8,1,5,0,0,0,0,0,0,0,0,0,34,1
"2020-10_south-west_stereo-BRUVs","FH17","-33.83368897","114.8763721",17,0,13,4,1,0,0,0,0,0,0,0,0,0,35,4
"2020-10_south-west_stereo-BRUVs","FH18","-33.79118897","114.8213721",9,0,10,0,3,0,0,0,0,0,0,0,0,0,22,0
"2020-10_south-west_stereo-BRUVs","FH2","-33.91868897","114.8913721",3,7,6,1,4,0,0,0,0,0,0,0,0,0,21,1
"2020-10_south-west_stereo-BRUVs","FH20","-33.78618897","114.8738721",9,1,12,0,8,0,0,0,0,0,0,0,0,0,30,0
"2020-10_south-west_stereo-BRUVs","FH21","-33.79368897","114.8088721",16,5,2,4,10,0,0,0,0,0,0,0,0,0,37,4
"2020-10_south-west_stereo-BRUVs","FH23","-33.94618897","114.8288721",2,10,9,0,8,0,0,0,0,0,0,0,0,0,29,0
"2020-10_south-west_stereo-BRUVs","FH24","-33.66868897","114.8438721",11,0,22,1,1,0,0,0,0,0,0,0,0,0,35,1
"2020-10_south-west_stereo-BRUVs","FH25","-33.87868897","114.8163721",7,5,8,3,6,0,0,3,0,0,0,0,0,0,32,6
"2020-10_south-west_stereo-BRUVs","FH26","-33.81118897","114.8288721",5,0,0,2,7,0,0,0,0,0,0,0,0,0,14,2
"2020-10_south-west_stereo-BRUVs","FH27","-33.83618897","114.8713721",5,1,3,5,9,0,0,0,0,0,0,0,0,0,23,5
"2020-10_south-west_stereo-BRUVs","FH28","-33.76368897","114.9338721",0,0,31,0,1,0,0,0,0,0,0,0,0,0,32,0
"2020-10_south-west_stereo-BRUVs","FH30","-33.75118897","114.8888721",29,0,2,0,0,0,0,0,0,0,0,0,0,0,31,0
"2020-10_south-west_stereo-BRUVs","FH31","-33.67368897","114.8238721",27,0,6,0,4,0,0,0,0,0,0,0,0,0,37,0
"2020-10_south-west_stereo-BRUVs","FH32","-33.69618897","114.9463721",0,0,16,4,0,0,0,0,0,0,0,0,0,0,20,4
"2020-10_south-west_stereo-BRUVs","FH33","-33.70868897","114.8263721",9,5,6,5,7,0,0,0,0,0,0,0,0,0,32,5
"2020-10_south-west_stereo-BRUVs","FH34","-33.78618897","114.8838721",6,2,5,2,14,0,1,0,0,1,0,0,0,0,31,3
"2020-10_south-west_stereo-BRUVs","FH35","-33.88368897","114.9313721",0,0,18,0,2,0,0,0,0,0,0,0,0,0,20,0
"2020-10_south-west_stereo-BRUVs","FH37","-33.71118897","114.8138721",6,1,4,2,12,0,0,0,0,0,0,0,0,0,25,2
"2020-10_south-west_stereo-BRUVs","FH39","-33.90368897","114.9313721",13,0,6,6,2,0,0,1,0,0,0,0,1,0,29,8
"2020-10_south-west_stereo-BRUVs","FH40","-33.92368897","114.8888721",17,0,9,2,1,0,0,0,0,0,0,0,0,0,29,2
"2020-10_south-west_stereo-BRUVs","FH41","-33.67118897","114.8388721",11,14,0,2,7,0,0,1,0,0,0,0,0,0,35,3
"2020-10_south-west_stereo-BRUVs","FH42","-33.88118897","114.8113721",25,6,1,1,2,0,0,0,0,0,0,0,0,0,35,1
"2020-10_south-west_stereo-BRUVs","FH44","-33.77118897","114.8638721",6,10,10,2,3,0,0,0,0,0,0,0,0,0,31,2
"2020-10_south-west_stereo-BRUVs","FH45","-33.69368897","114.7988721",16,4,5,0,1,0,0,0,0,0,0,0,0,0,26,0
"2020-10_south-west_stereo-BRUVs","FH46","-33.76618897","114.9288721",5,0,24,1,0,0,0,0,0,0,0,0,0,0,30,1
"2020-10_south-west_stereo-BRUVs","FH47","-33.90618897","114.8488721",17,5,1,0,9,0,0,0,0,0,0,0,0,0,32,0
"2020-10_south-west_stereo-BRUVs","FH48","-33.79618897","114.8138721",2,3,0,5,1,0,2,1,0,0,3,0,0,0,17,9
"2020-10_south-west_stereo-BRUVs","FH49","-33.92118897","114.9163721",12,0,3,10,5,0,0,1,0,0,0,0,0,0,31,11
"2020-10_south-west_stereo-BRUVs","FH5","-33.69368897","114.9413721",2,10,2,2,8,0,0,0,0,0,0,0,0,0,24,2
"2020-10_south-west_stereo-BRUVs","FH50","-33.68118897","114.9313721",0,0,26,0,0,0,0,0,0,0,0,0,0,0,26,0
"2020-10_south-west_stereo-BRUVs","FH51","-33.90618897","114.8538721",8,18,4,2,4,0,0,0,0,0,0,0,0,0,36,2
"2020-10_south-west_stereo-BRUVs","FH52","-33.99118897","114.8888721",1,8,7,1,17,0,0,0,0,0,1,0,0,0,35,2
"2020-10_south-west_stereo-BRUVs","FH54","-33.76618897","114.9388721",24,0,9,3,0,0,0,0,0,0,0,0,0,0,36,3
"2020-10_south-west_stereo-BRUVs","FH55","-33.92368897","114.9088721",1,0,31,1,0,0,0,0,0,0,0,0,0,0,33,1
"2020-10_south-west_stereo-BRUVs","FH56","-33.83118897","114.8663721",5,5,4,3,11,0,0,0,0,1,0,0,0,0,29,4
"2020-10_south-west_stereo-BRUVs","FH57","-33.78868897","114.8113721",5,1,13,8,6,0,0,2,0,0,0,0,0,0,35,10
"2020-10_south-west_stereo-BRUVs","FH58","-33.66368897","114.8413721",11,3,14,0,4,0,0,0,0,0,0,0,0,0,32,0
"2020-10_south-west_stereo-BRUVs","FH59","-33.66868897","114.8188721",8,0,6,0,2,0,0,0,0,0,0,0,0,0,16,0
"2020-10_south-west_stereo-BRUVs","FH6","-33.70618897","114.8213721",7,3,1,0,0,0,0,0,0,0,0,0,0,0,11,0
"2020-10_south-west_stereo-BRUVs","FH60","-33.81618897","114.8213721",6,1,6,8,8,0,0,0,0,0,0,0,0,0,29,8
"2020-10_south-west_stereo-BRUVs","FH61","-33.84118897","114.8638721",12,11,0,6,0,1,0,0,0,0,0,0,0,0,30,7
"2020-10_south-west_stereo-BRUVs","FH62","-33.75618897","114.8813721",9,2,9,4,7,0,0,1,0,0,0,0,0,0,32,5
"2020-10_south-west_stereo-BRUVs","FH63","-33.67868897","114.8163721",24,0,9,0,1,0,0,0,0,0,0,0,0,0,34,0
"2020-10_south-west_stereo-BRUVs","FH64","-33.70118897","114.9388721",0,0,35,0,0,0,0,0,0,0,0,0,0,0,35,0
"2020-10_south-west_stereo-BRUVs","FH65","-33.71368897","114.8188721",11,0,4,1,3,0,0,0,0,0,0,0,0,0,19,1
"2020-10_south-west_stereo-BRUVs","FH66","-33.90618897","114.9363721",7,16,0,3,1,0,0,0,0,0,0,0,0,0,27,3
"2020-10_south-west_stereo-BRUVs","FH67","-33.88868897","114.9238721",2,0,25,0,0,0,0,0,0,0,0,0,0,0,27,0
"2020-10_south-west_stereo-BRUVs","FH68","-33.95118897","114.8288721",15,4,2,0,10,0,0,0,0,0,0,0,0,0,31,0
"2020-10_south-west_stereo-BRUVs","FH69","-33.69618897","114.8038721",6,4,0,5,8,0,0,0,0,0,0,0,0,0,23,5
"2020-10_south-west_stereo-BRUVs","FH7","-33.78368897","114.8788721",12,4,0,4,6,1,0,0,0,1,1,0,0,0,29,7
"2020-10_south-west_stereo-BRUVs","FH70","-33.67368897","114.8463721",5,0,12,7,2,0,0,0,0,0,0,0,0,0,26,7
"2020-10_south-west_stereo-BRUVs","FH71","-33.88368897","114.8188721",22,7,2,4,0,0,0,1,0,0,1,0,0,0,37,6
"2020-10_south-west_stereo-BRUVs","FH72","-33.88868897","114.9288721",2,0,0,25,0,0,0,0,0,0,0,0,0,0,27,25
"2020-10_south-west_stereo-BRUVs","FH74","-33.73118897","114.8063721",3,14,8,1,6,0,0,1,0,0,0,0,0,0,33,2
"2020-10_south-west_stereo-BRUVs","FH77","-33.99618897","114.8763721",21,1,2,1,5,0,0,0,0,0,0,0,0,0,30,1
"2020-10_south-west_stereo-BRUVs","FH78","-33.89118897","114.9163721",0,0,23,0,3,0,0,0,0,0,0,0,0,0,26,0
"2020-10_south-west_stereo-BRUVs","FH79","-33.88618897","114.8088721",12,11,0,5,7,0,0,0,0,0,0,0,0,0,35,5
"2020-10_south-west_stereo-BRUVs","FH8","-33.72368897","114.8013721",11,10,1,3,5,0,0,0,0,0,0,0,0,0,30,3
"2020-10_south-west_stereo-BRUVs","FH82","-33.68618897","114.9238721",5,0,17,2,1,0,0,3,0,0,4,0,0,0,32,9
"2020-10_south-west_stereo-BRUVs","FH83","-33.91118897","114.8463721",16,0,15,1,2,0,0,0,0,0,1,0,0,0,35,2
"2020-10_south-west_stereo-BRUVs","FH84","-33.73368897","114.7988721",8,4,7,1,8,0,0,0,0,0,0,0,0,0,28,1
"2020-10_south-west_stereo-BRUVs","FH85","-33.92618897","114.9138721",8,0,9,1,0,0,0,0,0,0,0,0,0,0,18,1
"2020-10_south-west_stereo-BRUVs","FH87","-33.92868897","114.8938721",2,7,8,0,8,0,0,0,0,0,0,0,0,0,25,0
"2020-10_south-west_stereo-BRUVs","FH89","-33.68618897","114.8013721",10,0,0,0,0,0,0,0,0,0,0,0,0,0,10,0
"2020-10_south-west_stereo-BRUVs","FH9","-33.90118897","114.8513721",11,0,6,2,4,0,0,0,0,0,0,0,0,0,23,2
"2020-10_south-west_stereo-BRUVs","FH92","-33.84368897","114.8713721",13,6,5,0,6,0,2,0,0,0,0,0,0,0,32,0
"2020-10_south-west_stereo-BRUVs","FH93","-33.77618897","114.8688721",0,24,0,9,4,0,0,0,0,0,0,0,0,0,37,9
"2020-10_south-west_stereo-BRUVs","FH94","-33.90868897","114.9413721",3,0,17,9,3,0,0,0,0,0,2,0,0,0,34,11
"2020-10_south-west_stereo-BRUVs","FH95","-33.75868897","114.8913721",16,0,7,5,1,0,0,0,0,0,0,0,0,0,29,5
"2020-10_south-west_stereo-BRUVs","FH96","-33.81868897","114.8338721",7,6,7,3,7,0,0,0,0,0,0,0,0,0,30,3
"2020-10_south-west_stereo-BRUVs","FH99","-33.95368897","114.8363721",23,0,5,3,2,0,0,0,0,0,0,0,0,0,33,3
"2020-10_south-west_stereo-BRUVs","FHA","-33.683135","114.937827",3,0,26,1,4,0,0,0,0,0,0,0,0,0,34,1
"2020-10_south-west_stereo-BRUVs","FHB","-33.681655","114.957127",16,0,12,4,3,0,0,2,0,0,0,0,0,0,37,6
"2020-10_south-west_stereo-BRUVs","FHC","-33.680718","114.965092",38,0,0,0,0,0,0,0,0,0,0,0,0,0,38,0
"2020-10_south-west_stereo-BRUVs","FHCO1","-33.669869","114.809825",17,0,3,3,7,0,0,0,0,0,0,0,0,0,30,3
"2020-10_south-west_stereo-BRUVs","FHCO2","-33.72358","114.813293",4,6,0,0,14,0,0,0,0,0,0,0,0,0,24,0
"2020-10_south-west_stereo-BRUVs","FHCO3","-33.948622","114.819555",2,15,0,4,0,0,0,0,0,0,0,0,0,0,21,4
"2020-10_south-west_stereo-BRUVs","FHD","-33.686897","114.958507",1,0,32,0,0,0,0,0,0,0,0,0,0,0,33,0
"2020-10_south-west_stereo-BRUVs","FHE","-33.687267","114.951172",0,0,34,0,0,0,0,0,0,0,0,0,0,0,34,0
"2020-10_south-west_stereo-BRUVs","IO1","-34.07868897","114.7788721",0,0,27,0,5,0,0,0,0,0,0,0,0,0,32,0
"2020-10_south-west_stereo-BRUVs","IO100","-34.07618897","114.9088721",17,0,6,3,7,0,0,1,0,0,0,0,0,0,34,4
"2020-10_south-west_stereo-BRUVs","IO101","-34.07868897","114.8963721",18,0,3,2,3,0,0,0,0,0,0,0,0,0,26,2
"2020-10_south-west_stereo-BRUVs","IO102","-34.07118897","114.9113721",9,16,0,4,5,2,0,0,0,0,1,0,0,0,37,7
"2020-10_south-west_stereo-BRUVs","IO105","-34.06368897","114.6688721",0,0,34,2,0,0,0,0,0,1,1,0,0,0,38,4
"2020-10_south-west_stereo-BRUVs","IO107","-34.06368897","114.6763721",0,0,35,0,0,0,0,0,0,0,0,0,0,0,35,0
"2020-10_south-west_stereo-BRUVs","IO108","-34.05118897","114.6688721",0,0,32,0,0,0,0,1,0,0,0,0,0,0,33,1
"2020-10_south-west_stereo-BRUVs","IO109","-34.05618897","114.6738721",0,0,33,0,0,0,0,0,0,0,0,0,0,0,33,0
"2020-10_south-west_stereo-BRUVs","IO110","-34.14118897","114.7288721",0,0,34,0,0,0,0,0,0,0,0,0,0,0,34,0
"2020-10_south-west_stereo-BRUVs","IO113","-34.05868897","114.7388721",0,0,33,0,0,0,0,0,0,0,0,0,0,0,33,0
"2020-10_south-west_stereo-BRUVs","IO115","-34.05368897","114.7363721",0,0,29,0,0,0,0,0,0,0,1,0,0,0,30,1
"2020-10_south-west_stereo-BRUVs","IO117","-34.06368897","114.7388721",0,0,34,0,0,0,0,0,0,0,0,0,0,0,34,0
"2020-10_south-west_stereo-BRUVs","IO119","-34.07618897","114.9038721",21,0,1,5,4,0,0,1,0,0,0,0,0,0,32,6
"2020-10_south-west_stereo-BRUVs","IO122","-34.11618897","114.8263721",23,0,5,0,3,0,0,0,0,0,0,0,0,0,31,0
"2020-10_south-west_stereo-BRUVs","IO123","-34.10618897","114.8188721",14,0,2,1,17,0,0,0,0,0,0,0,0,0,34,1
"2020-10_south-west_stereo-BRUVs","IO125","-34.10868897","114.8263721",11,0,4,0,15,0,0,0,0,0,0,0,0,0,30,0
"2020-10_south-west_stereo-BRUVs","IO126","-34.11368897","114.8188721",19,4,0,2,10,0,0,1,0,0,0,0,0,0,36,3
"2020-10_south-west_stereo-BRUVs","IO130","-33.98118897","114.8763721",4,2,0,0,3,0,0,0,0,0,0,0,0,0,9,0
"2020-10_south-west_stereo-BRUVs","IO132","-33.99118897","114.8713721",11,7,2,5,0,0,0,0,0,1,0,0,0,0,26,6
"2020-10_south-west_stereo-BRUVs","IO133","-33.99118897","114.8663721",15,15,0,1,1,0,0,1,0,0,0,0,0,0,33,2
"2020-10_south-west_stereo-BRUVs","IO134","-33.98368897","114.8613721",19,4,3,3,2,0,0,0,0,0,0,0,0,0,31,3
"2020-10_south-west_stereo-BRUVs","IO145","-33.98618897","114.8238721",25,1,1,2,3,0,0,0,0,0,0,0,0,0,32,2
"2020-10_south-west_stereo-BRUVs","IO146","-33.97618897","114.8213721",4,1,8,1,18,0,0,0,0,1,0,0,0,0,33,2
"2020-10_south-west_stereo-BRUVs","IO147","-33.98118897","114.8313721",25,1,1,4,3,0,0,1,0,0,0,0,0,0,35,5
"2020-10_south-west_stereo-BRUVs","IO148","-34.01118897","114.5963721",0,0,35,0,0,0,0,0,0,0,1,0,0,0,36,1
"2020-10_south-west_stereo-BRUVs","IO15","-34.06118897","114.8663721",12,16,1,0,4,0,0,0,0,0,0,0,0,0,33,0
"2020-10_south-west_stereo-BRUVs","IO152","-33.98118897","114.8688721",2,2,5,5,17,0,0,0,0,0,0,0,0,0,31,5
"2020-10_south-west_stereo-BRUVs","IO153","-34.04618897","114.8888721",12,0,7,2,9,0,0,3,0,0,0,0,0,0,33,5
"2020-10_south-west_stereo-BRUVs","IO155","-34.04368897","114.8838721",19,0,4,2,4,0,0,0,0,0,0,0,0,0,29,2
"2020-10_south-west_stereo-BRUVs","IO157","-33.97118897","114.8238721",11,0,2,12,2,0,0,2,0,0,0,0,2,0,31,16
"2020-10_south-west_stereo-BRUVs","IO158","-33.98118897","114.8188721",0,1,9,0,5,0,0,0,0,0,0,0,0,0,15,0
"2020-10_south-west_stereo-BRUVs","IO16","-34.07368897","114.8688721",10,0,17,0,6,0,0,0,0,0,0,0,0,0,33,0
"2020-10_south-west_stereo-BRUVs","IO164","-34.03368897","114.9038721",9,0,5,3,4,0,1,2,0,0,0,0,0,0,24,5
"2020-10_south-west_stereo-BRUVs","IO165","-34.04368897","114.8988721",12,0,0,4,7,0,0,1,0,1,2,0,0,0,27,8
"2020-10_south-west_stereo-BRUVs","IO17","-34.06368897","114.8763721",12,0,3,1,4,0,0,0,0,0,0,0,0,0,20,1
"2020-10_south-west_stereo-BRUVs","IO180","-33.99618897","114.7038721",0,0,36,0,0,0,0,0,0,0,0,0,0,0,36,0
"2020-10_south-west_stereo-BRUVs","IO184","-34.04118897","114.9038721",14,0,7,12,1,0,0,0,0,0,0,0,0,0,34,12
"2020-10_south-west_stereo-BRUVs","IO189","-33.98868897","114.6638721",0,0,30,0,0,0,0,1,0,0,2,0,0,0,33,3
"2020-10_south-west_stereo-BRUVs","IO191","-33.99868897","114.6713721",0,0,32,3,0,0,0,0,0,1,1,0,0,0,37,5
"2020-10_south-west_stereo-BRUVs","IO192","-33.98618897","114.6688721",0,0,30,1,0,0,0,0,0,0,1,0,0,0,32,2
"2020-10_south-west_stereo-BRUVs","IO194","-33.99618897","114.6638721",0,0,33,0,0,0,0,0,0,0,1,0,0,0,34,1
"2020-10_south-west_stereo-BRUVs","IO195","-34.09368897","114.8588721",11,7,12,0,6,0,0,0,0,0,0,0,0,0,36,0
"2020-10_south-west_stereo-BRUVs","IO199","-34.08618897","114.8613721",21,5,1,1,6,2,0,0,0,0,0,0,0,0,36,3
"2020-10_south-west_stereo-BRUVs","IO201","-34.05618897","114.8338721",9,1,5,1,15,0,0,1,0,0,0,0,0,0,32,2
"2020-10_south-west_stereo-BRUVs","IO204","-34.06618897","114.7863721",2,0,19,8,1,0,0,0,0,0,2,0,0,0,32,10
"2020-10_south-west_stereo-BRUVs","IO206","-34.06368897","114.7913721",0,0,19,4,7,0,0,0,0,0,1,0,0,0,31,5
"2020-10_south-west_stereo-BRUVs","IO207","-34.06118897","114.7863721",7,0,13,2,7,0,0,0,0,0,1,0,0,0,30,3
"2020-10_south-west_stereo-BRUVs","IO210","-34.09118897","114.8738721",16,1,3,4,5,0,0,0,0,0,0,0,0,0,29,4
"2020-10_south-west_stereo-BRUVs","IO211","-34.05618897","114.9063721",9,17,0,5,0,0,0,0,0,0,0,0,0,0,31,5
"2020-10_south-west_stereo-BRUVs","IOC06","-34.048689","114.876372",7,17,1,1,8,0,0,0,0,0,0,0,0,0,34,1
"2020-10_south-west_stereo-BRUVs","IO216","-34.06118897","114.9163721",15,0,11,3,6,0,0,0,0,0,0,0,0,0,35,3
"2020-10_south-west_stereo-BRUVs","IO217","-34.06618897","114.9188721",4,0,28,1,4,0,0,0,0,0,0,0,0,0,37,1
"2020-10_south-west_stereo-BRUVs","IO218","-34.07368897","114.9213721",1,0,24,0,3,0,0,0,0,0,0,0,0,0,28,0
"2020-10_south-west_stereo-BRUVs","IO220","-34.05618897","114.8438721",25,0,1,0,4,0,0,0,0,0,0,0,0,0,30,0
"2020-10_south-west_stereo-BRUVs","IO222","-34.06618897","114.8313721",13,0,9,0,6,0,0,0,0,0,0,0,0,0,28,0
"2020-10_south-west_stereo-BRUVs","IO223","-34.07118897","114.8463721",5,0,17,1,3,0,0,0,0,0,0,0,0,0,26,1
"2020-10_south-west_stereo-BRUVs","IO224","-34.06118897","114.8388721",10,1,2,1,16,0,0,0,0,0,0,0,0,0,30,1
"2020-10_south-west_stereo-BRUVs","IO225","-34.07118897","114.8338721",25,0,4,1,5,0,0,0,0,0,0,0,0,0,35,1
"2020-10_south-west_stereo-BRUVs","IO226","-34.06368897","114.8438721",15,0,8,1,7,0,0,0,0,0,0,0,0,0,31,1
"2020-10_south-west_stereo-BRUVs","IO227","-33.99868897","114.7838721",11,0,12,2,4,0,0,0,0,0,0,0,0,0,29,2
"2020-10_south-west_stereo-BRUVs","IO228","-34.00368897","114.7938721",8,1,1,8,12,2,0,3,0,0,0,0,0,0,35,13
"2020-10_south-west_stereo-BRUVs","IO229","-33.99368897","114.7863721",17,0,7,3,7,0,0,0,0,0,0,0,0,0,34,3
"2020-10_south-west_stereo-BRUVs","IO235","-34.06618897","114.9138721",5,0,17,5,7,0,0,0,0,0,0,0,0,0,34,5
"2020-10_south-west_stereo-BRUVs","IO236","-34.08118897","114.9238721",10,0,5,5,12,0,0,0,0,1,0,0,0,0,33,6
"2020-10_south-west_stereo-BRUVs","IO237","-34.08118897","114.9363721",0,0,11,0,0,0,0,0,0,0,0,0,0,0,11,0
"2020-10_south-west_stereo-BRUVs","IO239","-34.09118897","114.9313721",0,0,33,0,0,0,0,0,0,0,0,0,0,0,33,0
"2020-10_south-west_stereo-BRUVs","IO241","-33.99368897","114.7913721",19,0,0,2,7,0,0,0,0,0,0,0,0,0,28,2
"2020-10_south-west_stereo-BRUVs","IO244","-34.00368897","114.9063721",12,0,4,2,5,0,0,0,0,0,0,0,0,0,23,2
"2020-10_south-west_stereo-BRUVs","IO245","-34.00868897","114.9013721",7,2,0,3,6,0,0,2,0,0,0,0,0,0,20,5
"2020-10_south-west_stereo-BRUVs","IO253","-34.01368897","114.7038721",0,0,16,1,0,0,0,0,0,0,0,0,0,0,17,1
"2020-10_south-west_stereo-BRUVs","IO254","-34.01868897","114.6963721",0,0,30,1,0,0,0,1,0,2,1,0,0,0,35,5
"2020-10_south-west_stereo-BRUVs","IO258","-33.96618897","114.9138721",8,0,0,0,10,0,2,0,0,0,0,0,0,0,20,0
"2020-10_south-west_stereo-BRUVs","IO259","-33.96868897","114.9213721",7,0,2,12,9,0,0,0,0,0,1,0,0,0,31,13
"2020-10_south-west_stereo-BRUVs","IO260","-33.97118897","114.9163721",11,0,3,9,8,0,0,0,0,1,0,0,0,0,32,10
"2020-10_south-west_stereo-BRUVs","IO261","-33.97618897","114.9213721",1,0,2,8,6,0,0,2,0,0,3,0,0,0,22,13
"2020-10_south-west_stereo-BRUVs","IO262","-34.01368897","114.8738721",27,0,6,0,2,0,0,0,0,0,0,0,0,0,35,0
"2020-10_south-west_stereo-BRUVs","IO263","-34.00868897","114.8788721",15,12,2,2,3,0,1,0,0,0,0,0,0,0,35,2
"2020-10_south-west_stereo-BRUVs","IO264","-34.01868897","114.8738721",0,0,17,2,11,0,0,0,0,1,0,0,0,0,31,3
"2020-10_south-west_stereo-BRUVs","IO266","-34.02118897","114.7588721",1,0,26,0,0,0,0,0,0,0,0,0,0,0,27,0
"2020-10_south-west_stereo-BRUVs","IO267","-34.02618897","114.7638721",1,0,19,0,3,0,0,3,0,0,5,0,0,0,31,8
"2020-10_south-west_stereo-BRUVs","IO269","-33.98868897","114.8138721",16,0,1,6,5,0,0,0,0,0,0,0,0,0,28,6
"2020-10_south-west_stereo-BRUVs","IO272","-34.00868897","114.8138721",15,0,3,2,6,0,0,1,0,0,0,0,0,0,27,3
"2020-10_south-west_stereo-BRUVs","IO273","-33.99868897","114.8213721",16,2,2,0,14,0,0,1,0,1,1,0,0,0,37,3
"2020-10_south-west_stereo-BRUVs","IO275","-34.09868897","114.6463721",0,0,33,0,0,0,0,0,0,0,0,0,0,0,33,0
"2020-10_south-west_stereo-BRUVs","IO276","-34.10118897","114.6363721",0,0,29,2,0,0,0,0,0,0,1,0,0,0,32,3
"2020-10_south-west_stereo-BRUVs","IO277","-34.10618897","114.6463721",0,0,28,1,0,0,0,0,0,1,1,6,0,0,37,9
"2020-10_south-west_stereo-BRUVs","IO278","-34.11118897","114.6388721",0,0,35,1,0,0,0,1,0,0,1,0,0,0,38,3
"2020-10_south-west_stereo-BRUVs","IO280","-34.08868897","114.6738721",0,0,28,1,0,0,0,1,0,0,0,0,0,0,30,2
"2020-10_south-west_stereo-BRUVs","IO290","-34.06868897","114.7188721",0,0,31,3,0,0,0,0,0,2,1,0,0,0,37,6
"2020-10_south-west_stereo-BRUVs","IO291","-34.08368897","114.7488721",0,0,30,0,0,0,0,0,0,0,0,0,0,0,30,0
"2020-10_south-west_stereo-BRUVs","IO293","-34.08868897","114.7588721",0,0,20,1,0,0,0,0,0,1,3,2,0,0,27,7
"2020-10_south-west_stereo-BRUVs","IO294","-34.08368897","114.7538721",0,0,27,2,0,0,0,3,0,0,5,0,0,0,37,10
"2020-10_south-west_stereo-BRUVs","IO295","-34.10368897","114.7538721",0,0,32,0,0,0,0,0,0,0,0,0,0,0,32,0
"2020-10_south-west_stereo-BRUVs","IO297","-34.10618897","114.7488721",0,0,26,0,0,0,0,0,0,0,0,0,0,0,26,0
"2020-10_south-west_stereo-BRUVs","IO298","-34.07618897","114.6713721",0,0,36,1,0,0,0,0,0,0,0,0,0,0,37,1
"2020-10_south-west_stereo-BRUVs","IO299","-34.08118897","114.6763721",0,0,33,0,0,0,0,0,0,0,1,0,0,0,34,1
"2020-10_south-west_stereo-BRUVs","IO3","-34.07618897","114.7838721",3,0,3,11,17,0,0,0,0,0,2,0,0,0,36,13
"2020-10_south-west_stereo-BRUVs","IO300","-34.08618897","114.6688721",0,0,28,2,0,0,0,1,0,0,0,0,0,0,31,3
"2020-10_south-west_stereo-BRUVs","IO302","-34.07118897","114.7238721",0,0,31,0,0,0,0,0,0,0,0,0,0,0,31,0
"2020-10_south-west_stereo-BRUVs","IO306","-34.10118897","114.7338721",0,0,36,0,0,0,0,0,0,0,0,0,0,0,36,0
"2020-10_south-west_stereo-BRUVs","IO307","-34.11868897","114.7263721",0,0,30,1,0,0,0,0,0,0,3,0,0,0,34,4
"2020-10_south-west_stereo-BRUVs","IO308","-34.11118897","114.7288721",0,0,32,1,0,0,0,0,0,0,2,0,0,0,35,3
"2020-10_south-west_stereo-BRUVs","IO310","-34.05868897","114.7738721",1,0,24,5,4,0,0,0,0,0,2,0,0,0,36,7
"2020-10_south-west_stereo-BRUVs","IO311","-34.05618897","114.7688721",2,0,0,4,9,0,0,0,0,5,9,1,0,0,30,19
"2020-10_south-west_stereo-BRUVs","IO312","-34.05868897","114.7788721",3,0,10,4,3,0,0,4,0,2,1,0,0,0,27,11
"2020-10_south-west_stereo-BRUVs","IO313","-34.09618897","114.7563721",0,0,37,0,0,0,0,0,0,0,0,0,0,0,37,0
"2020-10_south-west_stereo-BRUVs","IO319","-34.09368897","114.7313721",0,0,33,1,0,0,0,0,0,1,3,0,0,0,38,5
"2020-10_south-west_stereo-BRUVs","IO323","-34.03103333","114.6001",0,0,31,3,0,0,0,0,0,0,1,0,0,0,35,4
"2020-10_south-west_stereo-BRUVs","IO324","-34.00006","114.639778",0,0,32,0,0,0,0,0,0,0,2,0,0,0,34,2
"2020-10_south-west_stereo-BRUVs","IO325","-33.991557","114.743378",0,0,18,3,6,0,0,2,0,0,4,0,0,0,33,9
"2020-10_south-west_stereo-BRUVs","IO326","-34.00425","114.6892833",0,0,26,5,0,0,0,3,0,1,2,0,0,0,37,11
"2020-10_south-west_stereo-BRUVs","IO327","-34.02946667","114.7623833",0,0,0,6,4,0,1,1,0,4,10,4,0,0,30,25
"2020-10_south-west_stereo-BRUVs","IO328","-33.99356667","114.8213667",25,3,3,0,8,0,0,0,0,0,0,0,0,0,39,0
"2020-10_south-west_stereo-BRUVs","IO329","-34.06481667","114.7266333",0,0,35,0,0,0,0,0,0,0,0,0,0,0,35,0
"2020-10_south-west_stereo-BRUVs","IO330","-34.08833333","114.7545",0,0,10,2,0,0,0,1,0,16,5,3,0,0,37,27
"2020-10_south-west_stereo-BRUVs","IO331","-34.0984","114.75005",0,0,34,0,0,0,0,0,0,0,0,0,0,0,34,0
"2020-10_south-west_stereo-BRUVs","IO332","-34.09718333","114.7344833",0,0,35,0,0,0,0,0,0,0,0,0,0,0,35,0
"2020-10_south-west_stereo-BRUVs","IO333","-34.11301667","114.7251333",0,0,44,1,0,0,0,0,0,2,2,0,0,0,49,5
"2020-10_south-west_stereo-BRUVs","IO334","-34.06155","114.7753667",0,0,35,0,0,0,0,0,0,0,0,0,0,0,35,0
"2020-10_south-west_stereo-BRUVs","IO335","-34.06686667","114.7939833",7,1,0,6,12,0,0,1,0,0,0,0,0,0,27,7
"2020-10_south-west_stereo-BRUVs","IO336","-34.0924","114.8663667",18,1,2,3,7,0,0,0,0,0,2,0,0,0,33,5
"2020-10_south-west_stereo-BRUVs","IO337","-34.00536667","114.8202333",31,0,0,0,4,0,1,0,0,0,0,0,0,0,36,0
"2020-10_south-west_stereo-BRUVs","IO338","-33.97231667","114.92245",3,0,26,1,1,0,1,0,0,0,0,0,0,0,32,1
"2020-10_south-west_stereo-BRUVs","IO339","-34.01461667","114.8785",19,1,0,9,6,0,0,2,0,0,1,0,0,0,38,12
"2020-10_south-west_stereo-BRUVs","IO34","-34.06118897","114.8713721",13,4,0,0,6,0,0,0,0,0,1,0,0,0,24,1
"2020-10_south-west_stereo-BRUVs","IO343","-34.10261667","114.6407167",0,0,35,2,0,0,0,0,0,0,0,0,0,0,37,2
"2020-10_south-west_stereo-BRUVs","IO344","-34.0844","114.6744",0,0,30,0,0,0,0,1,0,0,2,0,0,0,33,3
"2020-10_south-west_stereo-BRUVs","IO349","-34.02368897","114.5963721",0,0,31,1,0,0,0,0,0,0,4,0,0,0,36,5
"2020-10_south-west_stereo-BRUVs","IO350","-34.02618897","114.6038721",0,0,33,0,0,0,0,0,0,0,3,0,0,0,36,3
"2020-10_south-west_stereo-BRUVs","IO351","-34.03118897","114.5963721",0,0,31,0,0,0,0,1,0,0,0,0,0,0,32,1
"2020-10_south-west_stereo-BRUVs","IO352","-34.03618897","114.5988721",0,0,23,9,0,0,0,3,0,3,2,0,0,0,40,17
"2020-10_south-west_stereo-BRUVs","IO353","-34.05436667","114.8390667",32,0,1,0,3,0,0,0,0,0,0,0,0,0,36,0
"2020-10_south-west_stereo-BRUVs","IO354","-34.06605","114.84",18,15,0,0,5,0,0,0,0,0,0,0,0,0,38,0
"2020-10_south-west_stereo-BRUVs","IO355","-34.05473333","114.9111",2,0,15,0,2,0,0,0,0,0,0,0,0,0,19,0
"2020-10_south-west_stereo-BRUVs","IO356","-34.06956667","114.9184667",6,0,12,3,13,0,0,0,0,0,0,0,0,0,34,3
"2020-10_south-west_stereo-BRUVs","IO357","-34.08496667","114.928",5,0,8,10,7,0,0,1,0,0,0,0,0,0,31,11
"2020-10_south-west_stereo-BRUVs","IO36","-34.10368897","114.7188721",0,0,29,0,0,0,0,0,0,0,0,0,0,0,29,0
"2020-10_south-west_stereo-BRUVs","IO361","-33.98868897","114.7413721",0,0,20,2,0,0,0,1,0,3,3,0,0,0,29,9
"2020-10_south-west_stereo-BRUVs","IO363","-33.98618897","114.7513721",1,0,0,17,2,0,0,2,0,0,7,6,0,0,35,32
"2020-10_south-west_stereo-BRUVs","IO364","-34.00868897","114.6888721",0,0,29,3,0,0,0,0,0,0,2,0,0,0,34,5
"2020-10_south-west_stereo-BRUVs","IO365","-34.02368897","114.7538721",2,0,0,10,4,0,0,2,0,4,12,0,0,0,34,28
"2020-10_south-west_stereo-BRUVs","IO369","-34.02868897","114.5913721",0,0,22,3,0,0,0,0,0,0,6,0,0,0,31,9
"2020-10_south-west_stereo-BRUVs","IO37","-34.10868897","114.7188721",0,0,27,2,0,0,0,3,0,0,4,0,0,0,36,9
"2020-10_south-west_stereo-BRUVs","IO370","-33.99618897","114.6463721",0,0,31,2,0,0,0,0,0,0,1,0,0,0,34,3
"2020-10_south-west_stereo-BRUVs","IO372","-34.00618897","114.6438721",0,0,25,2,0,0,0,2,0,1,2,0,0,0,32,7
"2020-10_south-west_stereo-BRUVs","IO374","-33.98618897","114.7463721",0,0,1,3,4,0,0,2,0,4,9,3,0,0,26,21
"2020-10_south-west_stereo-BRUVs","IO377","-34.13868897","114.7588721",0,0,37,0,0,0,0,0,0,0,0,0,0,0,37,0
"2020-10_south-west_stereo-BRUVs","IO378","-33.99368897","114.6388721",0,0,31,1,0,0,0,0,0,0,4,0,0,0,36,5
"2020-10_south-west_stereo-BRUVs","IO379","-34.08368897","114.6813721",0,0,28,0,0,0,0,0,0,0,1,0,0,0,29,1
"2020-10_south-west_stereo-BRUVs","IO4","-34.09118897","114.7813721",0,0,1,4,9,0,0,2,0,0,4,2,0,0,22,12
"2020-10_south-west_stereo-BRUVs","IO40","-34.10368897","114.7138721",0,0,32,0,0,0,0,0,0,0,0,0,0,0,32,0
"2020-10_south-west_stereo-BRUVs","IO46","-34.06868897","114.7113721",0,0,38,0,0,0,0,0,0,0,0,0,0,0,38,0
"2020-10_south-west_stereo-BRUVs","IO47","-34.06368897","114.7113721",0,0,23,1,0,0,0,0,0,0,2,0,0,0,26,3
"2020-10_south-west_stereo-BRUVs","IO49","-34.06118897","114.7063721",0,0,34,0,0,0,0,0,0,0,0,0,0,0,34,0
"2020-10_south-west_stereo-BRUVs","IO5","-34.08868897","114.7763721",0,0,28,0,0,0,0,0,0,1,0,0,0,0,29,1
"2020-10_south-west_stereo-BRUVs","IO58","-34.13618897","114.7738721",0,0,14,1,0,0,0,5,0,5,1,3,0,0,29,15
"2020-10_south-west_stereo-BRUVs","IO59","-34.14118897","114.7663721",0,0,36,0,0,0,0,0,0,2,0,0,0,0,38,2
"2020-10_south-west_stereo-BRUVs","IO62","-34.13368897","114.7663721",0,0,36,0,0,0,0,0,0,0,0,0,0,0,36,0
"2020-10_south-west_stereo-BRUVs","IO64","-34.01368897","114.8963721",14,0,6,1,9,0,0,0,0,0,0,0,0,0,30,1
"2020-10_south-west_stereo-BRUVs","IO65","-34.01118897","114.8888721",3,0,13,0,17,0,0,0,0,0,0,0,0,0,33,0
"2020-10_south-west_stereo-BRUVs","IO66","-34.01618897","114.8813721",12,6,6,4,6,0,0,2,0,0,2,0,0,0,38,8
"2020-10_south-west_stereo-BRUVs","IO71","-34.00368897","114.6988721",0,0,36,0,0,0,0,0,0,0,1,0,0,0,37,1
"2020-10_south-west_stereo-BRUVs","IO72","-34.03618897","114.8463721",28,1,0,1,1,0,0,0,0,0,0,0,0,0,31,1
"2020-10_south-west_stereo-BRUVs","IO73","-34.02868897","114.8588721",16,11,1,0,6,0,0,0,0,0,0,0,0,0,34,0
"2020-10_south-west_stereo-BRUVs","IO74","-34.02868897","114.8513721",5,15,0,3,9,0,0,0,0,0,0,0,0,0,32,3
"2020-10_south-west_stereo-BRUVs","IO75","-34.03368897","114.8538721",11,9,2,1,6,1,0,0,0,0,0,0,0,0,30,2
"2020-10_south-west_stereo-BRUVs","IO80","-34.09368897","114.8888721",15,9,1,3,4,0,0,0,0,0,0,0,0,0,32,3
"2020-10_south-west_stereo-BRUVs","IO81","-34.09868897","114.8913721",10,2,5,1,2,0,0,0,0,0,0,0,0,0,20,1
"2020-10_south-west_stereo-BRUVs","IO91","-34.09368897","114.8938721",16,0,5,0,2,0,0,0,0,0,0,0,0,0,23,0
"2020-10_south-west_stereo-BRUVs","IO92","-34.09868897","114.8863721",15,4,1,0,13,0,0,0,0,0,1,0,0,0,34,1
"2020-10_south-west_stereo-BRUVs","IO95","-34.12618897","114.7338721",0,0,35,0,0,0,0,0,0,0,0,0,0,0,35,0
"2020-10_south-west_stereo-BRUVs","IO96","-34.13618897","114.7363721",0,0,36,0,0,0,0,0,0,0,0,0,0,0,36,0
"2020-10_south-west_stereo-BRUVs","IO98","-34.13368897","114.7313721",0,0,30,1,0,0,0,0,0,0,0,0,0,0,31,1
"2020-10_south-west_stereo-BRUVs","IOC04","-34.08755","114.749265",0,0,33,0,0,0,0,0,0,0,1,0,0,0,34,1
"2020-10_south-west_stereo-BRUVs","IOC05","-34.05394","114.899843",13,0,2,1,2,0,0,0,0,0,0,0,0,0,18,1
"2020-10_south-west_stereo-BRUVs","IO215","-34.06868897","114.9263721",0,0,35,0,0,0,0,0,0,0,0,0,0,0,35,0
"2020-10_south-west_stereo-BRUVs","IOCP11-1","-33.992845","114.696642",0,0,31,1,0,0,0,0,0,0,0,0,0,0,32,1
"2020-10_south-west_stereo-BRUVs","IOCP11-2","-33.974332","114.692773",0,0,2,16,2,0,0,0,1,4,8,2,0,0,35,31
"2020-10_south-west_stereo-BRUVs","IOCP2311","-34.01858","114.601465",0,0,17,0,0,0,0,0,0,1,0,0,0,0,18,1
"2020-10_south-west_stereo-BRUVs","IOREDO344","-34.0844","114.6744",0,0,13,0,0,0,0,0,0,0,1,0,0,0,14,1
"2021-03_West-Coast_BOSS","148","-34.0518","114.925",23,0,45,1,2,0,0,0,0,0,0,0,0,0,71,1
"2021-03_West-Coast_BOSS","2","-34.0604","114.924",32,0,17,12,10,0,0,0,0,0,0,0,0,0,71,12
"2021-03_West-Coast_BOSS","99","-34.0555","114.916",46,1,1,9,17,0,0,0,0,0,0,0,0,0,74,9
"2021-03_West-Coast_BOSS","127","-34.0545","114.91",36,20,1,16,0,0,0,0,0,0,0,0,0,0,73,16
"2021-03_West-Coast_BOSS","43","-34.0521","114.909",44,9,13,7,6,0,0,0,0,0,0,1,0,0,80,8
"2021-03_West-Coast_BOSS","110","-34.0505","114.907",31,33,8,1,4,0,0,0,0,0,0,0,0,0,77,1
"2021-03_West-Coast_BOSS","139","-34.0616","114.898",58,3,5,1,10,0,0,0,0,0,0,0,0,0,77,1
"2021-03_West-Coast_BOSS","133","-34.075","114.911",41,19,2,3,3,0,0,0,0,0,0,0,0,0,68,3
"2021-03_West-Coast_BOSS","52","-34.0826","114.915",49,13,2,8,4,0,0,0,0,0,0,0,0,0,76,8
"2021-03_West-Coast_BOSS","91","-34.0807","114.928",66,0,8,0,1,0,0,0,0,0,0,0,0,0,75,0
"2021-03_West-Coast_BOSS","47","-34.0832","114.926",60,18,0,0,1,0,0,0,0,0,0,0,0,0,79,0
"2021-03_West-Coast_BOSS","16","-34.0848","114.924",44,20,1,8,0,0,0,0,0,0,0,0,0,0,73,8
"2021-03_West-Coast_BOSS","38","-34.0904","114.917",32,19,2,10,2,0,0,0,0,0,0,0,0,0,65,10
"2021-03_West-Coast_BOSS","71","-34.0923","114.908",65,5,5,1,3,0,0,0,0,0,0,0,0,0,79,1
"2021-03_West-Coast_BOSS","14","-34.0979","114.913",39,0,15,8,8,0,0,0,0,0,0,0,0,0,70,8
"2021-03_West-Coast_BOSS","150","-34.1","114.917",40,0,26,0,11,0,0,0,0,0,0,0,0,0,77,0
"2021-03_West-Coast_BOSS","92","-34.101","114.918",17,27,7,17,12,0,0,0,0,0,0,0,0,0,80,17
"2021-03_West-Coast_BOSS","28","-34.0995","114.923",44,14,5,12,1,0,0,0,0,0,0,0,0,0,76,12
"2021-03_West-Coast_BOSS","124","-34.1003","114.929",41,0,36,1,1,0,0,0,0,0,0,0,0,0,79,1
"2021-03_West-Coast_BOSS","53","-34.1047","114.92",48,0,21,3,7,0,0,0,0,0,0,0,0,0,79,3
"2021-03_West-Coast_BOSS","6","-34.1073","114.918",45,22,0,3,5,0,0,0,0,0,0,0,0,0,75,3
"2021-03_West-Coast_BOSS","149","-34.1135","114.931",47,7,21,2,2,0,0,0,0,0,0,0,0,0,79,2
"2021-03_West-Coast_BOSS","32","-34.1125","114.921",45,18,10,3,2,0,0,0,0,0,0,0,0,0,78,3
"2021-03_West-Coast_BOSS","116","-34.1138","114.919",61,1,12,1,4,0,0,0,0,0,0,0,0,0,79,1
"2021-03_West-Coast_BOSS","69","-34.1187","114.911",43,9,0,0,19,0,0,0,0,0,0,0,0,0,71,0
"2021-03_West-Coast_BOSS","138","-34.119","114.912",47,26,0,1,0,0,0,0,0,0,0,0,0,0,74,1
"2021-03_West-Coast_BOSS","76","-34.1217","114.916",46,22,4,5,2,0,0,0,0,0,0,0,0,0,79,5
"2021-03_West-Coast_BOSS","144","-34.1221","114.92",27,9,24,4,5,0,0,0,0,0,0,0,0,0,69,4
"2021-03_West-Coast_BOSS","5","-34.125","114.93",66,0,3,6,1,0,0,0,0,0,0,0,0,0,76,6
"2021-03_West-Coast_BOSS","107","-34.1347","114.94",71,0,6,0,1,0,0,0,0,0,0,0,0,0,78,0
"2021-03_West-Coast_BOSS","37","-34.1303","114.931",76,4,0,0,0,0,0,0,0,0,0,0,0,0,80,0
"2021-03_West-Coast_BOSS","102","-34.1305","114.926",47,26,3,0,2,0,0,0,0,0,0,0,0,0,78,0
"2021-03_West-Coast_BOSS","57","-34.1341","114.924",47,14,8,6,3,0,0,0,0,0,0,0,0,0,78,6
"2021-03_West-Coast_BOSS","24","-34.1347","114.923",54,17,0,0,2,0,0,0,0,0,0,0,0,0,73,0
"2021-03_West-Coast_BOSS","70","-34.1321","114.922",23,52,0,0,0,0,0,0,0,0,0,0,0,0,75,0
"2021-03_West-Coast_BOSS","62","-34.1281","114.919",29,6,41,0,4,0,0,0,0,0,0,0,0,0,80,0
"2021-03_West-Coast_BOSS","104","-34.1255","114.918",44,20,0,1,5,0,0,0,0,0,0,0,0,0,70,1
"2021-03_West-Coast_BOSS","30","-34.1256","114.915",56,15,3,2,0,0,0,0,0,0,0,0,0,0,76,2
"2021-03_West-Coast_BOSS","95","-34.1229","114.91",40,7,12,7,9,0,0,0,0,0,0,0,0,0,75,7
"2021-03_West-Coast_BOSS","106","-34.1313","114.875",48,18,2,2,2,0,0,0,0,0,0,0,0,0,72,2
"2021-03_West-Coast_BOSS","39","-34.1301","114.877",61,7,3,2,1,0,0,0,0,0,0,0,0,0,74,2
"2021-03_West-Coast_BOSS","140","-34.1163","114.882",53,9,5,1,9,0,0,0,0,0,0,0,0,0,77,1
"2021-03_West-Coast_BOSS","10","-34.1084","114.886",58,2,5,2,7,0,0,0,0,0,0,0,0,0,74,2
"2021-03_West-Coast_BOSS","147","-34.0908","114.895",49,2,10,1,14,0,0,0,0,0,0,0,0,0,76,1
"2021-03_West-Coast_BOSS","23","-34.0829","114.899",58,0,7,1,7,0,0,0,0,0,0,0,0,0,73,1
"2021-03_West-Coast_BOSS","Old Point","-34.050194","114.869122",42,6,9,4,16,0,0,0,0,0,0,0,0,0,77,4
"2021-03_West-Coast_BOSS","41","-34.0596","114.877",63,1,1,4,1,0,0,0,0,0,0,0,0,0,70,4
"2021-03_West-Coast_BOSS","33","-34.0742","114.871",73,1,1,1,2,0,0,0,0,0,0,0,0,0,78,1
"2021-03_West-Coast_BOSS","86","-34.0774","114.865",45,7,6,0,15,0,0,0,0,0,0,0,0,0,73,0
"2021-03_West-Coast_BOSS","56","-34.0782","114.873",62,1,13,0,3,0,0,0,0,0,0,0,0,0,79,0
"2021-03_West-Coast_BOSS","65","-34.0813","114.884",51,3,16,1,2,0,0,0,0,0,0,0,0,0,73,1
"2021-03_West-Coast_BOSS","137","-34.0854","114.877",47,9,15,4,3,0,0,0,0,0,0,0,0,0,78,4
"2021-03_West-Coast_BOSS","48","-34.0891","114.882",59,8,4,4,2,0,0,0,0,0,0,0,0,0,77,4
"2021-03_West-Coast_BOSS","67","-34.0899","114.873",52,1,13,0,13,0,0,0,0,0,0,0,0,0,79,0
"2021-03_West-Coast_BOSS","126","-34.0912","114.87",44,10,21,1,0,0,0,0,0,0,0,0,0,0,76,1
"2021-03_West-Coast_BOSS","44","-34.0931","114.858",51,18,5,0,2,0,0,0,0,0,0,0,0,0,76,0
"2021-03_West-Coast_BOSS","35","-34.0959","114.852",60,9,7,3,0,0,0,0,0,0,0,0,0,0,79,3
"2021-03_West-Coast_BOSS","100","-34.0961","114.847",35,9,22,3,11,0,0,0,0,0,0,0,0,0,80,3
"2021-03_West-Coast_BOSS","7","-34.0995","114.853",32,10,29,2,3,0,0,0,0,0,0,0,0,0,76,2
"2021-03_West-Coast_BOSS","108","-34.1001","114.85",40,25,6,3,1,0,0,0,0,0,0,0,0,0,75,3
"2021-03_West-Coast_BOSS","26","-34.1003","114.844",61,2,13,0,4,0,0,0,0,0,0,0,0,0,80,0
"2021-03_West-Coast_BOSS","125","-34.104","114.847",47,4,15,5,4,0,0,0,0,0,0,0,0,0,75,5
"2021-03_West-Coast_BOSS","98","-34.1139","114.856",58,12,0,1,7,0,0,0,0,0,0,0,0,0,78,1
"2021-03_West-Coast_BOSS","1","-34.1318","114.853",53,0,10,0,10,0,0,0,0,0,0,0,0,0,73,0
"2021-03_West-Coast_BOSS","83","-34.1341","114.838",31,1,8,0,36,0,0,0,0,0,0,0,0,0,76,0
"2021-03_West-Coast_BOSS","88","-34.1351","114.827",38,15,0,7,18,0,0,0,0,0,0,0,0,0,78,7
"2021-03_West-Coast_BOSS","36","-34.1317","114.822",65,0,4,1,2,0,0,0,0,0,0,0,0,0,72,1
"2021-03_West-Coast_BOSS","130","-34.1213","114.83",37,17,7,0,1,18,0,0,0,0,0,0,0,0,80,18
"2021-03_West-Coast_BOSS","46","-34.119","114.831",46,5,6,0,19,0,0,0,0,0,0,0,0,0,76,0
"2021-03_West-Coast_BOSS","93","-34.1196","114.845",33,0,19,0,26,0,0,0,0,0,0,0,0,0,78,0
"2021-03_West-Coast_BOSS","78","-34.1182","114.841",53,14,0,8,1,0,0,0,0,0,0,0,0,0,76,8
"2021-03_West-Coast_BOSS","50","-34.1143","114.842",58,16,0,2,3,0,0,0,0,0,0,0,0,0,79,2
"2021-03_West-Coast_BOSS","80","-34.1034","114.832",51,2,2,1,24,0,0,0,0,0,0,0,0,0,80,1
"2021-03_West-Coast_BOSS","114","-34.0969","114.834",45,24,1,1,7,0,0,0,0,0,0,0,0,0,78,1
"2021-03_West-Coast_BOSS","64","-34.0937","114.84",39,13,14,2,7,0,0,0,0,0,0,0,0,0,75,2
"2021-03_West-Coast_BOSS","136","-34.0891","114.833",69,8,1,0,0,0,0,0,0,0,0,0,0,0,78,0
"2021-03_West-Coast_BOSS","97","-34.0872","114.842",46,17,11,1,0,0,0,0,0,0,0,0,0,0,75,1
"2021-03_West-Coast_BOSS","121","-34.0836","114.853",62,4,8,0,5,0,0,0,0,0,0,0,0,0,79,0
"2021-03_West-Coast_BOSS","3","-34.0789","114.851",68,7,3,0,0,0,0,0,0,0,0,0,0,0,78,0
"2021-03_West-Coast_BOSS","73","-34.0802","114.848",70,0,2,1,4,0,0,0,0,0,0,0,0,0,77,1
"2021-03_West-Coast_BOSS","118","-34.0714","114.826",60,2,5,1,11,0,0,0,0,0,0,0,0,0,79,1
"2021-03_West-Coast_BOSS","128","-34.0694","114.823",65,2,3,1,7,0,0,0,0,0,0,0,0,0,78,1
"2021-03_West-Coast_BOSS","60","-34.0652","114.821",49,5,4,3,19,0,0,0,0,0,0,0,0,0,80,3
"2021-03_West-Coast_BOSS","134","-34.0631","114.857",61,14,2,0,2,0,0,0,0,0,0,0,0,0,79,0
"2021-03_West-Coast_BOSS","120","-34.0617","114.861",55,7,11,2,2,0,0,0,0,0,0,0,0,0,77,2
"2021-03_West-Coast_BOSS","8","-34.0554","114.851",37,9,16,6,11,0,0,0,0,0,0,0,0,0,79,6
"2021-03_West-Coast_BOSS","68","-34.05","114.859",40,15,2,0,15,0,0,0,0,0,0,0,0,0,72,0
"2021-03_West-Coast_BOSS","117","-34.0681","114.76",0,0,39,17,0,0,0,0,0,0,20,0,0,0,76,37
"2021-03_West-Coast_BOSS","17","-34.0742","114.757",0,0,70,5,0,0,0,0,0,1,1,0,0,0,77,7
"2021-03_West-Coast_BOSS","40","-34.0784","114.754",0,0,77,0,1,0,0,0,0,0,2,0,0,0,80,2
"2021-03_West-Coast_BOSS","72","-34.0685","114.747",0,0,76,0,3,0,0,0,0,1,0,0,0,0,80,1
"2021-03_West-Coast_BOSS","109","-34.0839","114.741",0,0,80,0,0,0,0,0,0,0,0,0,0,0,80,0
"2021-03_West-Coast_BOSS","145","-34.0891","114.732",0,0,80,0,0,0,0,0,0,0,0,0,0,0,80,0
"2021-03_West-Coast_BOSS","S1","-34.10277","114.639918",0,0,79,0,0,0,0,0,0,0,0,0,0,0,79,0
"2021-03_West-Coast_BOSS","S2","-34.10284","114.640335",0,0,74,4,0,0,0,0,0,0,0,0,0,0,78,4
"2021-03_West-Coast_BOSS","S3","-34.102738","114.640238",0,0,77,1,0,0,0,0,0,0,0,0,0,0,78,1
"2021-03_West-Coast_BOSS","90","-34.1003","114.731",0,0,79,1,0,0,0,0,0,0,0,0,0,0,80,1
"2021-03_West-Coast_BOSS","22","-34.1033","114.745",0,0,69,0,0,0,0,0,0,1,0,0,0,0,70,1
"2021-03_West-Coast_BOSS","77","-34.0979","114.75",0,0,78,0,0,0,0,0,0,0,0,0,0,0,78,0
"2021-03_West-Coast_BOSS","82","-34.0964","114.759",0,0,58,5,1,0,1,0,0,2,6,0,0,0,73,13
"2021-03_West-Coast_BOSS","49","-34.103","114.762",0,0,72,2,2,0,0,0,0,0,3,0,0,0,79,5
"2021-03_West-Coast_BOSS","141","-34.1175","114.762",0,0,76,0,0,0,0,0,0,0,0,0,0,0,76,0
"2021-03_West-Coast_BOSS","11","-34.1163","114.775",0,0,36,2,19,0,0,0,0,0,5,1,0,0,63,8
"2021-03_West-Coast_BOSS","146","-34.1099","114.79",13,0,3,12,51,0,0,0,0,0,0,0,0,0,79,12
"2021-03_West-Coast_BOSS","18","-34.1078","114.787",27,0,30,0,11,0,0,0,0,0,0,0,0,0,68,0
"2021-03_West-Coast_BOSS","42","-34.106","114.781",1,0,69,0,9,0,0,0,0,0,0,0,0,0,79,0
"2021-03_West-Coast_BOSS","84","-34.1034","114.78",1,0,3,16,50,0,0,0,0,0,4,0,0,0,74,20
"2021-03_West-Coast_BOSS","20","-34.1018","114.784",10,0,0,35,35,0,0,0,0,0,0,0,0,0,80,35
"2021-03_West-Coast_BOSS","55","-34.1011","114.778",0,0,6,39,10,0,0,0,0,2,11,1,0,0,69,53
"2021-03_West-Coast_BOSS","115","-34.1013","114.774",1,0,20,44,11,0,0,0,0,2,0,1,0,0,79,47
"2021-03_West-Coast_BOSS","96","-34.0975","114.776",15,0,30,3,26,0,0,0,0,3,0,1,0,0,78,7
"2021-03_West-Coast_BOSS","89","-34.0945","114.775",7,0,43,2,27,0,0,0,0,0,0,0,0,0,79,2
"2021-03_West-Coast_BOSS","131","-34.0906","114.773",0,0,9,35,4,0,0,0,0,5,15,0,0,0,68,55
"2021-03_West-Coast_BOSS","112","-34.0897","114.779",20,0,9,4,44,0,0,0,0,1,1,0,0,0,79,6
"2021-03_West-Coast_BOSS","101","-34.0917","114.782",7,0,40,5,23,0,0,0,0,0,5,0,0,0,80,10
"2021-03_West-Coast_BOSS","12","-34.0901","114.783",3,0,3,41,21,0,0,0,0,0,4,3,0,0,75,48
"2021-03_West-Coast_BOSS","54","-34.0925","114.789",10,0,3,37,11,2,0,0,0,0,14,1,0,0,78,54
"2021-03_West-Coast_BOSS","94","-34.0889","114.787",8,0,65,0,6,0,0,0,0,0,0,0,0,0,79,0
"2021-03_West-Coast_BOSS","4","-34.0862","114.785",29,1,10,20,16,0,0,0,0,0,0,1,0,0,77,21
"2021-03_West-Coast_BOSS","79","-34.0875","114.783",15,0,36,8,8,0,0,0,0,0,4,0,0,0,71,12
"2021-03_West-Coast_BOSS","103","-34.0866","114.774",7,0,32,12,6,0,0,0,0,0,8,3,0,0,68,23
"2021-03_West-Coast_BOSS","129","-34.0839","114.772",1,0,6,37,8,0,0,4,0,2,19,3,0,0,80,65
"2021-03_West-Coast_BOSS","45","-34.0816","114.771",7,0,8,41,16,0,0,0,0,0,8,0,0,0,80,49
"2021-03_West-Coast_BOSS","143","-34.0833","114.776",2,0,8,16,51,0,0,0,0,0,3,0,0,0,80,19
"2021-03_West-Coast_BOSS","113","-34.0809","114.78",6,0,66,2,3,0,0,1,0,0,0,1,0,0,79,4
"2021-03_West-Coast_BOSS","122","-34.0789","114.777",29,0,19,3,26,0,0,0,0,0,0,0,0,0,77,3
"2021-03_West-Coast_BOSS","27","-34.0521","114.789",53,2,3,1,3,0,0,0,0,0,0,0,0,0,62,1
"2021-03_West-Coast_BOSS","135","-34.0516","114.77",0,0,6,18,3,0,0,0,0,0,26,3,0,0,56,47
"2021-03_West-Coast_BOSS","74","-34.0513","114.769",3,0,11,22,31,0,0,0,0,0,11,0,0,0,78,33
"2021-03_West-Coast_BOSS","105","-34.0534","114.76",0,0,23,18,5,0,0,0,0,4,26,0,0,0,76,48
"2021-03_West-Coast_BOSS","63","-34.056","114.761",0,0,37,22,5,0,0,0,0,0,9,2,0,0,75,33
"2021-03_West-Coast_BOSS","25","-34.0626","114.765",0,0,15,41,13,0,0,0,0,2,3,0,0,0,74,46
"2021-03_West-Coast_BOSS","59","-34.062","114.766",0,0,7,42,14,0,0,0,0,5,8,1,0,0,77,56
"2021-03_West-Coast_BOSS","123","-34.0614","114.785",17,0,48,6,7,0,0,0,0,0,0,0,0,0,78,6
"2021-03_West-Coast_BOSS","119","-34.0634","114.771",6,0,3,24,16,0,0,1,0,1,24,0,0,0,75,50
"2021-03_West-Coast_BOSS","15","-34.0656","114.769",3,0,11,42,8,0,0,0,0,0,12,0,0,0,76,54
"2021-03_West-Coast_BOSS","85","-34.0701","114.767",0,0,26,22,8,0,0,0,0,0,13,1,0,0,70,36
"2021-03_West-Coast_BOSS","81","-34.0726","114.775",6,0,41,18,1,0,0,0,0,1,11,1,0,0,79,31
"2021-03_West-Coast_BOSS","29","-34.1266","114.784",13,0,44,10,1,0,0,0,0,1,0,0,0,0,69,11
"2021-03_West-Coast_BOSS","61","-34.1305","114.783",0,0,23,22,16,0,0,0,0,1,7,7,0,0,76,37
"2021-03_West-Coast_BOSS","21","-34.1285","114.797",6,0,6,35,26,0,0,0,0,0,0,0,0,0,73,35
"2021-03_West-Coast_BOSS","58","-34.1219","114.794",11,0,10,21,32,0,0,0,0,0,5,0,0,0,79,26
"2021-03_West-Coast_BOSS","87","-34.1259","114.805",19,0,2,30,26,0,0,0,0,0,0,0,0,0,77,30
"2021-03_West-Coast_BOSS","132","-34.1162","114.808",2,0,60,4,9,0,0,0,0,0,0,0,0,0,75,4
"2021-03_West-Coast_BOSS","9","-34.1175","114.813",36,12,0,12,16,0,0,0,0,0,0,0,0,0,76,12
"2021-03_West-Coast_BOSS","111","-34.1035","114.812",55,3,5,1,15,0,0,0,0,0,0,0,0,0,79,1
"2021-03_West-Coast_BOSS","142","-34.0971","114.814",55,14,2,2,0,0,0,0,0,0,0,0,0,0,73,2
"2021-03_West-Coast_BOSS","66","-34.0855","114.807",59,0,6,1,12,0,0,0,0,0,0,0,0,0,78,1
"2021-03_West-Coast_BOSS","34","-34.0829","114.798",40,0,35,0,4,0,0,0,0,0,0,0,0,0,79,0
"2021-03_West-Coast_BOSS","19","-34.0802","114.806",61,11,1,5,2,0,0,0,0,0,0,0,0,0,80,5
"2021-03_West-Coast_BOSS","75","-34.0836","114.816",51,1,1,2,16,0,0,0,0,0,0,0,0,0,71,2
"2021-03_West-Coast_BOSS","51","-34.0709","114.814",46,27,2,1,4,0,0,0,0,0,0,0,0,0,80,1
"2021-03_West-Coast_BOSS","31","-34.061","114.806",34,18,4,4,18,0,0,0,0,0,0,0,0,0,78,4
"2021-03_West-Coast_BOSS","13","-34.051","114.813",57,2,5,1,13,0,0,0,0,0,0,0,0,0,78,1
